,gene_symbol
0,SKI
1,CAMTA1
2,GREB1L
3,TNFRSF1A
4,SUFU
5,FKBP10
6,POGZ
7,EP300
8,TNXB
9,ZBTB18
10,NOD2
11,TMCO1
12,PIEZO2
13,ZNF462
14,OXCT1
15,AMER1
16,NSD2
17,IFIH1
18,ADNP
19,SPG11
20,SON
21,MED13L
22,ALDH7A1
23,WDR62
24,TOR1A
25,FLVCR1
26,RP1
27,PLCB4
28,PRG4
29,UBE3B
30,FUS
31,KMT2A
32,SLC35A2
33,UNC80
34,EBP
35,SATB2
36,NR3C2
37,NPHS2
38,STAT1
39,DDX3X
40,ABCG8
41,EIF2B2
42,CTSA
43,PHEX
44,NLRC4
45,FLNA
46,FOXP1
47,ABCC8
48,RELN
49,NFIX
51,ADAMTS2
52,AIMP2
53,ANKRD11
54,ARHGAP29
55,ARID1B
56,ARSB
57,ASCC1
58,ASXL1
59,ASXL3
60,ATP2A2
61,CASR
62,CHM
63,CHRNE
64,CNTNAP2
65,COL2A1
66,COMP
67,COQ8A
68,CREBBP
69,DCC
70,DEPDC5
72,ADA
73,AGA
74,AGL
75,AGXT
76,AIRE
77,ALDH3A2
78,ALDOB
79,ALG6
80,ALPL
81,AMT
82,ARG1
83,ARSA
84,ASL
85,ASPA
86,ASS1
87,BBS1
88,BBS10
89,BBS12
90,BBS2
91,BCKDHA
92,BCKDHB
93,BLM
94,BTD
95,BTK
96,CAPN3
97,CBS
98,CFTR
99,CLN3
100,CLN5
101,CLN6
102,CLN8
103,COL4A3
104,COL4A4
105,COL4A5
106,CPS1
107,CPT2
108,CTNS
109,CTSK
110,CYP11B1
111,CYP21A2
112,CYP27A1
113,DBT
114,DHCR7
115,DLD
116,DMD
117,DYSF
118,EIF2B5
119,ELP1
120,ERCC6
121,ERCC8
122,EVC
123,EVC2
124,FAH
125,FANCA
126,FANCC
127,FKRP
128,FMR1
129,G6PC1
130,GALC
131,GALK1
132,GALT
133,GBA1
134,GCDH
135,GLB1
136,GLDC
137,GNE
138,GNPTAB
139,GNPTG
140,GRHPR
141,HBB
142,HEXA
143,HEXB
144,HGSNAT
145,HLCS
146,HMGCL
147,HOGA1
148,HSD17B4
149,IDS
150,IDUA
151,IL2RG
152,IVD
153,KCNJ11
154,LAMA2
155,LAMA3
156,LAMB3
157,LAMC2
158,LIPA
159,LRPPRC
160,MAN2B1
161,MCOLN1
162,MEFV
163,MKS1
164,MLC1
165,MMAA
166,MMAB
167,MMACHC
168,MPI
169,MTM1
170,NAGLU
171,NBN
172,NEB
173,NPC1
174,NPC2
175,NPHS1
177,NR0B1
178,OPA3
179,PAH
180,PC
181,PCCA
182,PCCB
183,PEX1
184,PEX10
185,PEX12
186,PEX2
187,PEX6
188,PEX7
189,PKHD1
190,PMM2
191,POMGNT1
192,PPT1
193,PROP1
194,RMRP
195,RS1
196,SACS
197,SGCA
198,SGCB
199,SGCD
200,SGCG
201,SGSH
202,SLC17A5
203,SLC22A5
204,SLC37A4
205,SMN1
206,SMPD1
207,STAR
208,TAT
209,TCIRG1
210,TGM1
211,TH
212,TPP1
213,TRAPPC11
214,TTPA
215,VPS13B
216,XPA
217,XPC
218,ZFYVE26
219,BRAF
221,CBL
222,HRAS
223,KRAS
225,LZTR1
226,MAP2K1
227,MAP2K2
228,NF1
230,NRAS
231,PTPN11
233,RAF1
235,SLX4
237,NTRK1
238,BBS9
239,TRIM32
240,PAX2
241,FGFR3
242,NSD1
243,ADAR
244,FLNB
245,AGPS
246,OFD1
247,PAFAH1B1
248,CHST3
250,RPGRIP1
251,RIPK4
252,BRIP1
254,TBX3
255,LAMA1
257,MECP2
258,FTL
261,TGFB3
262,PIGO
263,PLK4
266,PITX3
267,CHAMP1
269,FOXE3
271,MKKS
273,ACAN
274,NAGA
275,NT5C3A
276,ARX
277,SMARCA2
278,IQSEC2
279,VSX2
280,NSDHL
281,DPAGT1
282,KBTBD13
283,TRAPPC2
284,HOXC13
285,CDC6
286,IFT140
287,PIGV
288,MSX1
289,MAGEL2
290,SLC2A1
291,TWIST2
292,HADH
293,GDF5
294,OTC
295,CRYBB2
296,SALL1
297,PDE6G
298,NALCN
299,FOXN1
301,MTO1
302,CHRNG
303,CHSY1
304,IFT172
305,INPP5E
306,GATA6
307,DOCK8
308,SLC46A1
309,DMPK
311,SLC25A38
312,COL11A2
313,ABCC6
314,AFF2
315,HOXA1
316,GPSM2
318,PSMB8
320,LAMC3
321,PITX2
322,XRCC4
323,COL9A1
324,NKX2-5
325,TCF4
326,GFM1
327,IGF2
328,FGFR2
329,BBS4
330,PCNT
331,BUB1B
332,EYA1
333,NAGS
334,TBX1
335,SLC25A15
336,PYGL
337,ATP7A
338,ALDH18A1
339,PYCR1
340,GDI1
341,COQ2
343,L1CAM
344,MPDU1
348,DDB2
350,PIK3R1
352,ERCC3
354,GLUD1
355,HADHA
357,DDHD1
358,SLC52A3
359,HUWE1
360,DYNC1H1
361,MEGF10
362,MPLKIP
364,WT1
365,B3GALT6
366,CHRDL1
367,DVL1
368,DSTYK
369,MASP1
370,ROR2
371,NDP
372,KAT6A
373,BCOR
374,FREM2
375,AUTS2
376,RARS2
377,SLC35C1
379,NDUFS8
380,SCN4A
381,IKBKG
382,DLL3
383,FANCF
384,FH
386,RUNX2
387,CRYGC
388,OCRL
389,RFX6
391,NPR2
392,SRCAP
393,NPHP4
395,SCN1A
398,DEAF1
399,WDR35
400,RNASEH2A
401,SMARCB1
402,PAX6
403,DLAT
404,SH3PXD2B
406,NR2F1
407,KAT6B
408,GLI3
410,GHR
411,PAX9
412,FHL1
413,CDH23
414,TRPM1
415,STS
417,ASAH1
420,PGAP2
421,STRA6
422,ZNF711
423,PRSS12
425,HCCS
426,STAMBP
427,NKX3-2
428,TGFBR2
429,DDC
430,NFU1
432,PIK3CA
434,DHODH
435,PRPS1
436,DMP1
437,RAX
438,BBS5
439,GAMT
440,SLC2A10
445,TRPS1
446,KLHL40
447,MGAT2
448,SOX11
451,UGT1A1
452,LYST
453,ZEB2
454,TTC8
455,PRKAR1A
456,IFT43
457,FLVCR2
458,CYP2U1
459,ANTXR1
462,CDT1
463,TTN
464,MANBA
465,PTDSS1
466,RSPO4
467,SLC25A20
468,WNT10B
469,TREX1
470,RAD21
471,GNPAT
473,MESP2
474,PCBD1
475,TEK
477,ZEB1
481,PTF1A
482,WNT7A
484,SMARCA4
485,SLC5A5
486,FANCG
487,TUBB2A
488,SUMF1
489,CIB2
490,CEP41
492,HCN1
493,TGFB1
494,PTEN
495,FGFR1
497,GRIK2
498,ORC1
499,FANCE
500,ARL6
502,ROBO3
504,ALX1
506,BMP4
507,MT-TP
508,ALG12
510,LRP5
512,MFSD8
513,ERCC2
514,PDSS2
515,GUSB
516,HSD17B10
517,RIT1
518,ZFP57
519,RTEL1
521,MLYCD
525,PIGL
526,ABCC9
527,KDM6A
528,SHOX
529,PRRT2
530,GDF6
531,TMEM67
532,ZIC3
533,KCNC1
534,MITF
535,MMADHC
537,NYX
538,CRB2
540,TMEM237
541,GATA4
542,SCN8A
544,GABRB3
545,FOXF1
546,PEX26
547,SURF1
548,GRIN2B
549,KIF11
550,CTCF
551,EXT2
552,OPHN1
553,ACADM
554,DNAAF11
555,CASK
556,ETFDH
557,TFAP2B
558,SALL4
559,GRHL3
560,IRF6
561,HYLS1
562,ZDHHC9
563,FOXC1
564,KCNMA1
565,NDUFV1
566,DOLK
567,IFT122
569,SLC6A5
570,WDR19
571,CEP152
572,DSPP
573,CLCN7
574,OTOGL
575,TBC1D24
576,MAFB
577,MTRFR
579,DCX
580,FAM111A
582,MCCC2
583,PDHA1
585,CRX
586,CRYAA
588,SOX10
589,UMPS
591,PEX19
592,SLC4A4
593,FOXE1
595,SPTAN1
596,ABCB11
597,LEMD3
600,THRA
601,BFSP2
602,TUBGCP6
604,COL1A1
605,GLUL
606,ORC4
607,COLEC11
608,ZIC2
611,NEU1
613,CDH3
614,PAX3
615,NKX2-1
617,BMPER
618,GJA1
619,SLC19A3
620,SOX17
622,AGK
623,BCL11A
624,GNAS
625,GNS
628,CRYBB1
629,SLC6A8
630,ALDH5A1
631,POMT1
632,PTHLH
633,CFAP418
634,SLC39A13
635,B4GALT7
636,DHFR
637,CA2
638,CHUK
639,HSF4
643,RNASEH2B
644,ACOX1
645,DHCR24
646,GFAP
649,JAG1
650,SOX3
651,SCARF2
652,MTRR
653,TP63
656,PLP1
657,PTS
658,COL10A1
659,FBN2
660,AAAS
661,BPNT2
662,DNAAF3
663,DNMT3B
665,SMC3
666,GJC2
667,SMOC1
668,SLC2A2
670,LRP2
671,CCBE1
672,DYNC2H1
673,RNU4ATAC
676,TUBA1A
677,ADSL
679,ELOVL4
680,TUBB
681,ZC4H2
683,CLDN19
684,SHH
686,TTC19
688,PURA
690,MNX1
694,TFAP2A
695,TBXAS1
696,EDA
697,COL11A1
700,PSPH
701,FGF3
702,CRPPA
703,WRAP53
704,MAP3K1
706,TBX5
709,COL9A2
711,EXOSC3
712,FANCD2
713,AUH
714,EXT1
717,QDPR
718,HINT1
719,UBR1
720,YY1
722,ARID1A
723,MED12
724,SRY
725,CRYBA1
726,SCN1B
727,RAI1
728,SETD5
729,DDHD2
731,MMP13
732,GAA
733,PTH1R
734,PIK3R2
735,KCTD1
736,TBX20
737,TMEM165
740,HYCC1
741,HNF1B
742,HR
743,ATRX
746,SLC12A6
748,FTCD
749,KCNQ2
752,UPF3B
755,SLC26A2
756,SIX5
757,COQ9
760,SLC9A6
761,NAA10
762,MICU1
763,NDUFS1
764,EPG5
765,LRP4
766,SIX1
767,SETBP1
769,ETFA
771,PIGA
772,NIPBL
773,KCNQ1
775,CA8
776,ELAC2
778,TWIST1
781,GUCY2C
782,OBSL1
786,RAB39B
787,MTHFR
790,ALDOA
792,PDHX
795,NOTCH2
799,NHS
801,COX7B
803,PEPD
804,NGLY1
805,SC5D
807,ECEL1
808,ALMS1
809,RYR1
811,FGF10
812,ABHD5
813,MATN3
815,NDUFS7
816,GMPPB
817,CYC1
818,ANKH
822,TTC7A
823,PGK1
825,FAM20A
826,ACY1
829,PTCHD1
831,ITGA3
833,DDR2
834,MYO5B
835,SLC16A2
837,HPRT1
839,DAG1
841,KCNT1
842,ABCB7
844,CTC1
846,CEP290
847,SMC1A
848,CENPJ
851,CHST14
852,CRYBB3
853,IHH
854,CDON
856,FUCA1
857,CACNA1C
858,ELN
859,TRIP11
860,HOXD13
863,SPRED1
864,TGIF1
865,BCS1L
866,AIPL1
867,PHF6
868,KIF1A
869,FAM20C
870,GRM6
873,SRD5A3
874,IGF1R
875,MID1
876,PNPT1
877,PLCE1
878,VLDLR
879,MEF2C
880,MSX2
883,NMNAT1
884,AK2
885,HSD3B7
886,EGR2
888,CC2D2A
890,IGSF1
891,ERCC6L2
892,CEP57
893,HPSE2
894,KIF7
895,LMBRD1
897,LAMP2
898,HNF4A
899,LTBP2
902,OTX2
905,GATA2
906,SDHAF1
907,FBN1
908,ATP8B1
910,FOXG1
914,GCH1
915,TRPV4
916,LIG4
919,SIX3
920,CHRNA4
921,TBX4
927,ATP6V1B1
928,SMAD4
929,ALX4
930,SCO2
931,CCNO
932,RAPSN
933,WDPCP
934,ALX3
935,FREM1
936,CKAP2L
938,UBE3A
939,POLR3B
940,WNT5A
942,POMT2
943,JAK3
944,COX10
945,NDE1
946,KANSL1
948,SOS1
949,HAX1
950,ITGA7
951,TSPAN7
953,RPE65
954,CUL4B
957,NOG
958,FOLR1
959,PAPSS2
961,SDHA
962,TSHR
963,COL9A3
965,GRIA3
966,ERCC5
967,TSC2
969,VDR
970,PRSS56
972,PIGT
974,TGFBR1
976,TYRP1
980,CCND2
981,SKIC3
982,SOX2
984,GNAI3
985,STXBP1
986,ALDH4A1
987,TBCE
989,CTDP1
990,LFNG
992,ACAD9
993,SPR
994,MCEE
995,ATIC
996,AP4E1
997,ESCO2
998,NDUFS4
1000,INPPL1
1001,MC2R
1003,DYRK1A
1004,CERT1
1005,AKT1
1009,TAFAZZIN
1011,MTR
1012,MYCN
1013,ACP5
1014,FTSJ1
1015,IL1RAPL1
1016,ST3GAL5
1017,RBM8A
1018,KCNJ10
1020,PLOD2
1021,COL18A1
1022,TYR
1024,IGHMBP2
1026,KLF1
1028,CRB1
1031,SPEG
1032,HIBCH
1033,SCO1
1034,LHX3
1035,UROS
1036,HSPG2
1038,L2HGDH
1039,RAB3GAP2
1040,TGDS
1041,LBR
1042,SEC23B
1043,MTOR
1045,HOXA13
1047,SLC27A4
1050,HPS1
1051,GK
1052,TUBB2B
1053,RPGRIP1L
1055,CLPB
1058,EFTUD2
1061,APTX
1062,MCCC1
1063,SLC35D1
1064,NPHP1
1065,PMS2
1066,TAB2
1067,LTBP3
1068,PHGDH
1069,IFT80
1070,FKBP14
1071,FOXC2
1074,PAX8
1076,PDE4D
1079,TRAPPC9
1080,CTNNB1
1081,KDM5C
1082,FLT4
1083,MPV17
1084,TSC1
1089,POLR1D
1090,PHOX2B
1091,BRWD3
1093,PPP2R5D
1096,GJA3
1097,DPM1
1098,DLG3
1100,GALE
1103,FYCO1
1105,COA8
1106,FBP1
1107,TUSC3
1108,PCYT1A
1113,RAB23
1114,TMPRSS6
1116,HMGCS2
1118,POLG
1119,VPS33B
1120,RNASET2
1121,MGP
1122,TCOF1
1124,HDAC4
1125,MYH3
1126,SYNGAP1
1127,ROGDI
1130,LMX1B
1132,ACAT1
1133,TSHB
1134,COX15
1135,DIS3L2
1136,GTF2H5
1138,HYAL1
1139,HCFC1
1143,WAC
1144,CYP1B1
1145,SF3B4
1147,SYP
1148,UROC1
1150,SIL1
1151,PORCN
1152,FKTN
1153,BBS7
1154,ETHE1
1156,ATM
1158,TMEM70
1160,PGM1
1161,NEK1
1162,KCTD7
1164,SMARCAL1
1165,CHD7
1167,PNKP
1168,LARP7
1169,PHF8
1170,ARSL
1172,BIN1
1173,DARS1
1174,CDKN1C
1178,PTCH1
1179,BMPR1B
1180,PEX5
1181,MAF
1182,MMUT
1184,GRIN2A
1185,PACS1
1187,GLIS3
1188,PPP2R1A
1190,MEGF8
1191,SKIC2
1194,IFITM5
1197,EIF4A3
1199,MAB21L2
1200,FGD1
1201,HPGD
1207,CUL7
1208,CTSD
1210,RAB3GAP1
1211,EDNRB
1213,SDCCAG8
1214,NPHP3
1218,PQBP1
1219,MCPH1
1220,GLE1
1221,CCDC39
1222,NUBPL
1224,MYH9
1225,MYO5A
1227,GLMN
1229,ETFB
1231,TXNL4A
1233,ORC6
1234,POU1F1
1237,ERCC1
1238,CC2D1A
1239,GM2A
1241,EDNRA
1242,DYM
1243,TRIM37
1244,AKR1D1
1246,PGAP3
1247,ACADVL
1249,FOXP3
1251,BSND
1252,COX6B1
1253,PALB2
1254,SOX9
1256,PGM3
1260,PAK3
1261,CSTB
1266,RNASEH2C
1267,CCDC40
1270,SBDS
1271,RTTN
1272,IGF1
1274,FRAS1
1275,PDGFRB
1278,GATM
1279,AHDC1
1280,DDOST
1281,ENPP1
1282,RAB18
1284,MFRP
1286,CDKL5
1287,KCNB1
1288,PSAP
1292,ZBTB20
1294,VIPAS39
1296,DDX11
1298,FOXRED1
1299,GALNS
1301,PLOD1
1302,POC1A
1304,HYDIN
1305,TCTN3
1306,KIF22
1307,NDUFA1
1309,TBR1
1314,GPC3
1315,SHOC2
1318,EIF2AK3
1319,RECQL4
1321,USB1
1322,KIAA0586
1323,AHI1
1325,MAPRE2
1326,DKC1
1327,PARN
1328,TINF2
1329,TCN2
1330,COL6A3
1331,ADGRG6
1332,ZIC1
1333,AFG2A
1335,DLL4
1337,CEP104
1338,MFSD2A
1339,PRDM12
1340,DVL3
1342,ITPR1
1343,SMO
1344,GORAB
1345,TBX15
1346,OTULIN
1347,HECW2
1348,THOC6
1349,BHLHA9
1350,WDR26
1351,ARMC9
1352,PEX11B
1354,EDAR
1356,SLC52A2
1357,TBL1XR1
1358,PCYT2
1359,KMT2E
1360,SAMD9
1361,SEPSECS
1362,HNRNPK
1363,POU3F3
1364,POLR2A
1365,TAOK1
1366,HNRNPR
1367,CSF1R
1368,GPC4
1369,POLA1
1370,ACTL6B
1371,CDK8
1372,FAT4
1373,NBAS
1376,DEGS1
1377,CANT1
1379,RARB
1380,USP9X
1386,PUS1
1387,YARS2
1388,MED25
1389,GTPBP2
1390,ATP6V1A
1391,GATA3
1393,AGTPBP1
1394,CYFIP2
1395,ECM1
1396,EFEMP2
1397,EIF2B4
1399,EPCAM
1400,HERC1
1401,LMOD3
1402,MFF
1403,MRAS
1404,MYO18B
1405,PCDH12
1406,PIBF1
1407,PTRH2
1408,RPL10
1409,RPS26
1410,SPTBN4
1411,TRMT10A
1412,WFS1
1416,ASNS
1417,TRAPPC4
1418,ABCA4
1420,ACTA1
1425,AMPD2
1426,APC
1427,APOB
1428,ATP1A2
1429,BAP1
1431,BCHE
1433,CD46
1436,CP
1438,CTRC
1441,DARS2
1442,DES
1443,DGUOK
1444,DNMT3A
1445,DOK7
1452,FBXO11
1453,FGA
1460,FOXL2
1462,GABRA1
1463,GBE1
1465,GRIA2
1467,GYG1
1470,HTT
1471,IL12B
1472,IL7R
1473,KIT
1476,LMNA
1480,MECOM
1482,MLH1
1485,MOCS1
1486,MPL
1488,MYOC
1489,NCF2
1490,NHLRC1
1491,NIPAL4
1493,NNT
1496,OPA1
1497,PCSK1
1499,PINK1
1502,PPARG
1503,PROS1
1504,PRPH2
1505,RASA1
1506,REEP1
1507,RHO
1511,SCN2A
1512,SCN5A
1514,SDHB
1515,SERPINC1
1518,SH3TC2
1519,SLC19A2
1522,SLC3A1
1523,SLC45A2
1524,SLCO2A1
1526,SNCA
1527,SNRNP200
1530,TARDBP
1531,TBX19
1532,TERC
1533,TERT
1535,TMEM127
1536,TNNT2
1539,TTC21B
1546,ABCB4
1549,ACADS
1551,ADGRG1
1553,AICDA
1555,ALG1
1556,ANG
1558,APOE
1559,APRT
1560,AR
1562,ARMC5
1565,ATL1
1568,ATP1A3
1572,ATXN2
1573,AVPR2
1574,AXIN2
1578,BEST1
1580,BMPR1A
1582,BRCA1
1583,BRCA2
1585,CACNA1A
1589,CD40LG
1590,CDAN1
1591,CDH1
1595,CHEK2
1598,CLCN5
1603,COL17A1
1605,COL5A1
1607,CRLF1
1612,CTSC
1613,CUBN
1614,CYBB
1615,CYLD
1617,CYP19A1
1618,DCLRE1C
1626,DSC2
1627,DSG2
1629,EFNB1
1630,EGFR
1632,EMD
1633,EPHB4
1635,ETV6
1637,F10
1640,FAS
1642,FERMT1
1646,FIG4
1647,FLCN
1651,G6PD
1655,GCK
1664,GP1BA
1666,GUCY2D
1667,HBA1
1677,INVS
1678,ITGA2B
1679,ITGB2
1680,ITGB4
1682,JPH3
1683,KCNA1
1685,KCNE1
1686,KCNH2
1688,KISS1R
1689,KMT2B
1690,KMT2D
1692,KRIT1
1693,KRT14
1694,KRT5
1695,KRT9
1697,LCA5
1703,MAX
1706,MET
1710,MPZL2
1712,MYBPC3
1714,MYH14
1715,MYH7
1716,NAA15
1719,NF2
1721,NOP56
1724,OCA2
1727,PABPN1
1729,PCDH19
1731,PDX1
1734,PFKM
1735,PHIP
1736,PHKA2
1737,PLA2G6
1740,PMP22
1748,PRKCG
1749,PRKCSH
1750,PRNP
1751,PROKR2
1752,PRPF31
1756,AARS2
1759,ABCD1
1760,ABCG5
1765,AMHR2
1768,ATXN3
1771,BMPR2
1772,C3
1775,COL3A1
1776,CPLANE1
1782,DNAH11
1783,DSG1
1784,DUOX2
1788,EYS
1789,F13A1
1790,F7
1792,FECH
1795,FLG
1799,GARS1
1802,GHRHR
1803,GJB2
1806,HFE
1807,HNF1A
1812,LDLR
1813,LPIN1
1814,LPL
1815,LRRK2
1816,MPZ
1817,MSH6
1819,NOTCH1
1820,NOTCH3
1825,OTOA
1826,OTOG
1829,PCDH15
1830,PDE6B
1831,PHYH
1832,PKD1
1834,PKLR
1837,PRKN
1838,PRODH
1841,RPS24
1842,RYR2
1847,SFTPC
1849,SLC7A9
1851,SPG7
1852,SPTA1
1854,TBP
1856,TRIOBP
1861,UMOD
1862,USH1C
1863,USH1G
1865,VWF
1866,FANCB
1868,COG7
1869,SLC6A3
1870,ALG8
1874,PEX13
1875,AP1S2
1876,GLI2
1877,PEX16
1880,UVSSA
1881,WNT3
1882,ZMPSTE24
1883,ASPM
1884,SMAD3
1885,COG1
1886,ALS2
1887,LHX4
1888,UBE2A
1889,PEX3
1892,RPS19
1893,MOCS2
1897,PEX14
1899,ALG3
1901,COG4
1902,TBX22
1907,NODAL
1908,EZH2
1909,TK2
1910,SUCLG1
1911,FANCI
1913,TSEN54
1914,COG8
1917,ARF1
1918,WDR37
1919,KIF12
1920,THSD1
1921,RAG1
1923,RB1
1924,RDH5
1927,RPGR
1934,SAMHD1
1936,SCNN1A
1937,SDHD
1938,SEC63
1939,SETX
1941,SGCE
1946,SLC24A5
1947,SLC26A3
1948,SLC26A4
1951,SLC39A4
1953,SLC5A1
1956,SMARCE1
1958,SPATA7
1963,STXBP2
1964,SYNE1
1968,TFR2
1970,TLK2
1973,TOP3A
1974,TP53
1976,TRAF7
1978,TTR
1979,TUBB8
1980,UNC13D
1982,WAS
1983,WRN
1986,ZNF292
1987,PAN2
1990,ADAM9
1991,ADAMTS17
1992,AFG3L2
1994,ATAD3A
1996,BCL11B
1999,C19orf12
2001,CACNA1D
2002,CAMK2B
2003,CHD3
2004,CIC
2005,CNGA3
2006,COL1A2
2008,CSNK2A1
2009,CSNK2B
2010,CYB5R3
2011,CYP4V2
2016,GABRB2
2018,GFPT1
2020,GNAO1
2021,H1-4
2022,H3-3A
2024,HOXB13
2025,HSPB1
2028,IKZF1
2030,KATNB1
2031,KIF5A
2032,KLHL7
2034,LRP6
2036,MEIS2
2039,NDRG1
2040,NFIA
2044,POLR3A
2050,PRSS1
2051,PYCR2
2052,RLIM
2056,SCN3A
2059,SIN3A
2060,SLC6A1
2062,SMARCC2
2064,SPAST
2065,SPECC1L
2066,SQSTM1
2067,STAT5B
2068,SUZ12
2069,SZT2
2070,TAF1
2071,TBC1D32
2074,TRRAP
2076,UBTF
2077,USP18
2078,VARS1
2079,WDR45
2080,WNT10A
2081,YWHAG
2082,AARS1
2084,TRIO
2086,ATR
2088,ABCA1
2090,ALB
2091,CDC73
2092,CDHR1
2094,COQ8B
2095,DDX41
2097,FLNC
2098,G6PC3
2104,LCAT
2105,MME
2107,MTTP
2111,PPOX
2112,QRICH1
2113,REN
2114,RUNX1
2115,SAMD9L
2118,SLC34A2
2119,SLC38A8
2120,SLC7A7
2123,STK4
2125,TNNI3
2126,VPS13A
2128,ARFGEF1
2129,CACNA1G
2130,GABRA3
2132,GNB1
2134,KIF14
2135,MICOS13
2136,MYORG
2138,TUBB4A
2140,AASS
2147,ABHD12
2149,ACAD8
2153,ACADSB
2157,ACSF3
2158,ACSL4
2160,ACTA2
2161,ACTB
2162,ACTC1
2163,ACTG1
2165,ACTN1
2166,ACTN2
2167,ACVRL1
2170,ADA2
2172,ADAMTS13
2173,ADAMTS18
2174,ADGRV1
2175,ADK
2187,AIFM1
2190,AKT3
2191,ALAS2
2197,ALG13
2200,ALG9
2201,ALK
2203,ALPK3
2212,ANGPTL3
2213,ANK1
2214,ANK2
2216,ANKRD26
2217,ANKS6
2218,ANO5
2219,ANOS1
2220,ANXA11
2221,AP1S1
2223,AP3B1
2224,AP4B1
2226,AP4M1
2227,AP4S1
2228,AP5Z1
2233,APOL1
2237,ARID2
2238,ARL13B
2239,ARL6IP1
2240,ARMC2
2242,ARPC1B
2248,ASH1L
2254,ASXL2
2256,ATCAY
2257,ATF6
2261,ATP13A2
2262,ATP13A3
2265,ATP6AP2
2268,ATP7B
2272,B4GALNT1
2273,B9D1
2274,BAG3
2277,BARD1
2278,BCAP31
2279,BCAT2
2282,BCKDK
2283,BCL10
2289,BLNK
2290,BLOC1S6
2293,BPTF
2295,BRAT1
2301,BRD4
2304,BRSK2
2306,BSCL2
2311,BVES
2312,C1QB
2313,C1QBP
2314,C2CD3
2316,C9orf72
2317,CA5A
2318,CABP2
2319,CACNA1F
2320,CACNA2D4
2321,CALM1
2322,CALM2
2323,CALM3
2326,CAPN5
2327,CARD11
2331,CASQ2
2335,CAV1
2336,CAV3
2341,CCDC103
2345,CD19
2346,CD247
2347,CD320
2348,CD3D
2349,CD3E
2350,CD3G
2351,CD40
2353,CD79A
2354,CD79B
2355,CDC42
2356,CDC45
2363,CDK13
2364,CDK4
2365,CDK5RAP2
2367,CDKN1B
2368,CDKN2A
2370,CEBPA
2373,CEP164
2376,CERKL
2377,CFAP300
2378,CFAP43
2379,CFH
2380,CFI
2381,CFL2
2382,CHD2
2385,CHD8
2388,CHMP2B
2390,CHRNB2
2393,CIITA
2394,CLCN4
2396,CLDN14
2401,CLPP
2402,CLRN1
2403,CNGA1
2405,CNGB1
2406,CNGB3
2407,CNKSR2
2408,CNNM4
2409,CNOT1
2410,CNOT3
2412,COCH
2441,COL5A2
2442,COL6A1
2444,COL6A2
2448,COL7A1
2452,COQ4
2453,CORO1A
2454,COX20
2456,CPAMD8
2458,CPOX
2460,CPT1A
2462,CR2
2463,CRADD
2469,CSPP1
2470,CSRP3
2473,CTH
2474,CTLA4
2475,CTNNA1
2479,CTSF
2481,CUL3
2484,CXCR4
2490,DCAF17
2492,DCDC2
2504,DHTKD1
2505,DIAPH1
2506,DICER1
2513,DLG4
2515,DNAAF1
2518,DNAH1
2520,DNAH17
2521,DNAH5
2522,DNAI1
2523,DNAI2
2524,DNAJB2
2525,DNAJB6
2526,DNAJC12
2527,DNAJC19
2528,DNM1
2529,DNM1L
2530,DNM2
2532,DNMT1
2533,DOCK2
2534,DOCK6
2535,DOCK7
2540,DSP
2542,DST
2543,DTNBP1
2547,EARS2
2548,EBF3
2550,ECHS1
2552,EEF1A2
2553,EFEMP1
2558,EHMT1
2559,EIF2AK4
2560,EIF2S3
2561,ELANE
2563,ENG
2564,ENTPD1
2568,EPM2A
2571,ERCC4
2575,ERF
2577,ESPN
2578,ESRRB
2587,EYA4
2591,F11
2592,F12
2594,F13B
2595,F2
2597,F5
2600,F8
2601,F9
2611,FANCL
2612,FASTKD2
2615,FBXL4
2616,FCHO1
2618,FERMT3
2620,FGB
2622,FGD4
2635,FGG
2638,FITM2
2641,FLAD1
2649,FMO3
2656,FOXP2
2658,FRMPD4
2662,FXN
2668,GABRG2
2669,GAD1
2676,GAN
2677,GANAB
2679,GATA1
2683,GATAD2B
2691,GDAP1
2692,GDF2
2693,GFI1B
2694,GGCX
2695,GIPC3
2696,GJB1
2698,GJB6
2700,GLA
2702,GLS
2706,GNAI1
2709,GNAT2
2716,GP1BB
2717,GP6
2718,GP9
2720,GPR143
2721,GPR179
2723,GPT2
2724,GREM1
2728,GRIN1
2732,GRIN2D
2733,GRIP1
2734,GRK1
2736,GRN
2738,GRXCR1
2739,GSDME
2740,GSS
2746,HAAO
2747,HACD1
2750,HADHB
2751,HBA2
2757,HDAC8
2759,HEPACAM
2763,HGD
2768,HMBS
2771,HMX1
2777,HNRNPU
2779,HPD
2782,HPS3
2783,HPS4
2784,HPS5
2785,HPS6
2792,HSPB8
2795,HTRA2
2799,ICOS
2800,IDH2
2805,IGHM
2807,IKBKB
2812,IL21R
2815,ILDR1
2816,INF2
2818,INS
2823,ITGB3
2824,ITK
2832,KATNIP
2834,KCNA2
2838,KCNH1
2841,KCNH5
2844,KCNK3
2851,KCNQ4
2856,KDM6B
2857,KDR
2858,KDSR
2861,KIF21A
2865,KIZ
2867,KLKB1
2870,KMT2C
2873,KMT5B
2874,KNG1
2876,KYNU
2882,LDLRAP1
2883,LGI1
2884,LHFPL5
2885,LIFR
2887,LINS1
2889,LMAN1
2894,LOXHD1
2896,LRBA
2900,LRTOMT
2902,LYRM7
2906,MAK
2907,MALT1
2908,MAN1B1
2911,MAOA
2914,MAPK8IP3
2915,MARS2
2916,MARVELD2
2917,MAT1A
2919,MBD5
2920,MBTPS2
2924,MCFD2
2925,MCIDAS
2926,MCM3AP
2932,MED13
2938,MEN1
2939,MERTK
2941,MFN2
2954,MOCOS
2957,MOGS
2958,MORC2
2959,MPIG6B
2964,MRPL44
2965,MRPS22
2966,MSH2
2970,MSL3
2971,MSN
2972,MSRB3
2973,MSTO1
2976,MT-ATP6
2978,MT-CO1
2979,MT-CO2
2980,MT-CO3
2981,MT-ND1
2982,MT-ND3
2983,MT-ND4
2984,MT-ND5
2985,MT-ND6
2986,MT-TE
2987,MT-TF
2988,MT-TH
2989,MT-TK
2991,MT-TL1
2992,MT-TM
2993,MT-TN
2995,MT-TS1
2996,MT-TV
2997,MT-TW
2998,MT-TY
2999,MTFMT
3002,MTMR2
3004,MTPAP
3008,MUC1
3009,MUTYH
3011,MYH11
3012,MYH2
3017,MYL2
3019,MYL3
3020,MYMK
3021,MYO15A
3023,MYO6
3024,MYO7A
3026,MYPN
3027,MYT1L
3033,NBEA
3034,NBEAL2
3037,NDUFAF2
3038,NDUFAF5
3039,NDUFAF6
3040,NDUFB11
3041,NDUFB3
3043,NDUFS2
3045,NDUFS6
3048,NEDD4L
3049,NEFH
3050,NEFL
3053,NEK8
3055,NEXMIF
3061,NFKB1
3062,NFKB2
3064,NHEJ1
3070,NLGN4X
3073,NONO
3079,NPRL3
3082,NR4A2
3084,NRXN1
3087,NTHL1
3090,OAT
3093,ODAD1
3094,ODAD2
3095,ODAD3
3096,ODAD4
3100,OPTN
3102,ORAI1
3105,OTOF
3113,PARK7
3117,PBX1
3118,PCARE
3124,PCSK9
3126,PDE6A
3127,PDGFRA
3131,PDZD7
3146,PFN1
3147,PHF21A
3155,PIEZO1
3157,PIGN
3160,PIK3CD
3166,PJVK
3169,PKD2
3171,PKP2
3172,PLCB1
3173,PLEKHG5
3174,PLG
3175,PLN
3181,PNPLA2
3182,PNPLA6
3184,PNPO
3185,POGLUT1
3187,POLD1
3188,POLE
3189,POLH
3190,POMGNT2
3193,POR
3195,POU3F4
3196,POU4F3
3197,PPM1D
3198,PPP1CB
3204,PRF1
3206,PRKAG2
3209,PRKDC
3211,PROC
3213,PROK2
3217,PRPF8
3221,PRX
3225,PSAT1
3231,PTPRC
3232,PTPRQ
3234,PUF60
3237,PXDN
3239,PYROXD1
3240,QARS1
3244,RAB27A
3245,RAB28
3248,RAB7A
3250,RAD51C
3251,RAD51D
3254,RAG2
3257,RASGRP2
3259,RBM20
3261,RCBTB1
3262,RDH12
3264,RDX
3266,RELA
3269,RERE
3270,RET
3272,RFX5
3273,RFXANK
3274,RFXAP
3275,RHBDF2
3277,RLBP1
3278,RMND1
3280,RNF168
3281,RNF43
3286,RP2
3289,RPL5
3290,RPS10
3293,RPS6KA3
3294,RRAS2
3296,RSPH1
3297,RSPH4A
3299,RXYLT1
3306,SBF2
3307,SCARB2
3308,SCN11A
3320,SCNN1G
3324,SDHAF2
3327,SDHC
3330,SELENON
3331,SERAC1
3333,SERPIND1
3334,SERPINF2
3335,SERPING1
3336,SERPINI1
3337,SET
3342,SFTPA2
3350,SHANK2
3351,SHANK3
3358,SLC1A2
3359,SLC1A3
3360,SLC1A4
3362,SLC25A13
3365,SLC25A22
3366,SLC25A4
3367,SLC25A46
3379,SLC6A19
3385,SLITRK6
3390,SMAD9
3396,SMARCC1
3401,SMCHD1
3403,SMPX
3404,SMS
3405,SNAP25
3408,SOD1
3410,SORD
3412,SOS2
3415,SOX5
3417,SPAG1
3418,SPART
3425,SPTLC2
3427,STAC3
3428,STAG1
3429,STAT3
3431,STIL
3432,STIM1
3433,STK11
3435,STRC
3436,STX11
3437,STX1B
3440,SUCLA2
3443,SUOX
3446,SYNJ1
3449,TANC2
3451,TAP1
3455,TBK1
3460,TCAP
3461,TCF12
3462,TCF20
3463,TCF3
3465,TCF7L2
3468,TCTN2
3470,TECRL
3471,TECTA
3474,TELO2
3476,TGFB2
3483,TIMM50
3484,TIMM8A
3485,TIMP3
3486,TMC1
3488,TMEM126B
3490,TMEM231
3492,TMEM43
3495,TMIE
3496,TMPRSS3
3497,TNFRSF13B
3498,TNNC1
3501,TNNT1
3504,TNRC6B
3505,TOPORS
3507,TPM1
3508,TPM2
3509,TPM3
3511,TPRN
3514,TRDN
3517,TRIM8
3520,TRIP12
3521,TRIT1
3522,TRMT5
3523,TRNT1
3531,TSPAN12
3538,TUBB1
3541,TUBG1
3549,UBQLN2
3553,UROD
3556,USH2A
3557,USP7
3559,VAPB
3560,VARS2
3561,VCAN
3562,VCP
3563,VHL
3568,VPS35
3572,WARS2
3575,WDFY3
3581,WDR72
3584,WHRN
3585,WIPF1
3586,WNK1
3591,WWOX
3594,YARS1
3595,ZAP70
3599,ZMIZ1
3602,ZMYND10
3697,KCNJ2
3712,MRE11
3719,PDCD10
3764,APOA1
3767,GALNT3
3768,CCM2
3769,NLRP3
3771,FBLN5
3773,PKP1
3774,KRT85
3776,TMC6
3777,TMC8
3778,SCN9A
3781,MRAP
3785,HAMP
3787,SLC40A1
3788,ATP2C1
3789,KRT2
3794,KRT17
3796,TALDO1
3798,ADAMTS10
3800,MMP2
3801,ATP6V0A2
3803,HJV
3814,FAM161A
3818,FZD4
3823,TGFBI
3827,PIKFYVE
3828,UBIAD1
3829,KRT12
3831,ACBD5
3832,B3GLCT
3836,MIP
3839,TULP1
3840,KCNJ13
3843,NR2E3
3845,NRL
3851,RTN4IP1
3858,CABP4
3861,C1QTNF5
3864,ATXN7
3868,CNBP
3877,DHDDS
3885,AMACR
3888,CLCN2
3889,CRYGS
3891,CWC27
3892,DCN
3895,FA2H
3897,GCNT2
3898,GJA8
3904,GNAT1
3907,GSN
3908,GUCA1A
3914,IMPDH1
3916,IMPG1
3917,IMPG2
3919,IQCB1
3920,KCNV2
3924,LIM2
3925,LRAT
3931,MVK
3940,OPN1LW
3941,OPN1MW
3942,OVOL2
3943,PANK2
3947,PDE6C
3949,PRDM5
3960,PLA2G5
3963,POC1B
3966,PRCD
3967,PROM1
3968,PRPF3
3970,PRPF4
3978,RBP4
3979,RD3
3980,RGS9
3981,RGS9BP
3986,TTLL5
3988,TRAF3IP1
3991,TACSTD2
3994,SLC33A1
3999,RP1L1
4003,SAG
4008,LAMB2
4009,ZNF469
4013,GMPPA
4014,DPYD
4021,LARGE1
4034,KIFBP
4042,RETREG1
4059,NECTIN4
4065,COL4A1
4073,FZD6
4074,CCNQ
4105,P3H1
4113,GDF1
4129,ODAPH
4141,CFAP410
4149,P4HTM
4150,STRADA
4151,BRF1
4152,CHRNB1
4154,PI4KA
4155,TMEM240
4163,NDUFA12
4164,RNPC3
4165,IFT74
4166,GLRA1
4168,GLRB
4170,CEP85L
4173,NHLRC2
4174,RBBP8
4175,AKT2
4176,ALKBH8
4177,DYNC2LI1
4178,CDH11
4184,SMARCAD1
4191,GH1
4196,PLS3
4197,RAC2
4198,ROBO1
4199,SRRM2
4204,KIF1B
4206,PARS2
4207,DNAJC6
4208,RRAS
4209,MBTPS1
4210,MED12L
4212,OGT
4213,SLC5A6
4215,AMMECR1
4217,DHPS
4218,FHOD3
4219,TIMMDC1
4220,PAX7
4221,PMPCB
4222,PREPL
4223,ATN1
4224,SYT1
4231,HIKESHI
4232,CELSR1
4234,CEACAM16
4239,ABCC1
4241,CLIC5
4242,CRYM
4243,DIABLO
4244,DIAPH3
4246,ELMOD3
4247,ERAL1
4248,ESRP1
4250,GRXCR2
4251,KITLG
4252,MIR96
4255,PPIP5K2
4256,RIPOR2
4257,ROR1
4258,SLC9A1
4259,SNAI2
4261,SPNS2
4262,TMEM132E
4263,TNC
4264,WBP2
4268,DNAJB13
4269,DNAL1
4270,GAS2L2
4271,SPEF2
4273,C1S
4276,MFAP5
4277,SMAD6
4278,FGF9
4281,CRELD1
4283,JPH2
4286,BLOC1S5
4287,BTG4
4288,DNAH8
4289,THSD4
4292,KIF3B
4293,LMBRD2
4294,LMNB2
4295,PISD
4296,RAX2
4297,RPL13
4300,TRIP13
4329,MSH3
4335,SRP72
4336,CDKN2B
4344,CLCA2
4347,TRPM4
4348,GTF2E2
4350,MST1
4351,RHOH
4352,CD151
4353,DSC3
4361,SH2B1
4362,TUB
4366,SEC61B
4367,STN1
4372,ARSG
4374,VPS33A
4375,PLAT
4376,BPGM
4377,RBCK1
4378,FTH1
4379,HEPH
4380,STEAP3
4383,ARHGEF28
4385,ATP2B3
4388,CCDC88C
4389,CIZ1
4391,DAO
4392,EIF4G1
4393,ERBB4
4394,EWSR1
4396,GIGYF2
4397,HNRNPA2B1
4399,MATR3
4401,SIGMAR1
4402,SNCB
4403,SS18L1
4405,TUBA4A
4407,VPS13C
4409,B3GNT2
4410,CLIC2
4413,HDAC6
4414,CILK1
4416,MPDZ
4418,P4HB
4419,PTCH2
4420,SEC24D
4421,TBC1D7
4427,MAPT
4429,COL25A1
4432,LOXL3
4435,ABL1
4438,MYLK
4443,ALG2
4446,PIGM
4451,ACVR1
4452,ADAM17
4453,ADAMTS3
4455,ADCY5
4457,AGTR1
4458,AIMP1
4462,ANO10
4463,AP2M1
4466,ASPRV1
4467,ATP1A1
4469,ATXN1
4477,C1QA
4478,C4A
4479,C8B
4481,CACNA1S
4482,CAMK2A
4483,CASP8
4485,CAST
4489,CEP63
4490,CFB
4493,CISD2
4496,CLCNKA
4504,CSTA
4506,CTNNA2
4509,CYP26B1
4513,DNASE1L3
4518,EDARADD
4520,EIF2AK2
4521,ELOVL5
4522,EOGT
4524,EXOSC9
4525,FARS2
4526,FARSB
4529,FGF12
4531,FIGLA
4534,GABRA2
4536,GCLC
4538,GFM2
4541,GHSR
4542,GJA5
4551,GRM7
4554,H6PD
4555,HSPA9
4560,IGFBP7
4561,IL1RN
4562,INTU
4566,KCNN3
4567,KCNT2
4568,KDM1A
4569,KDM3B
4572,KIF2A
4578,LCT
4580,LIAS
4581,LIPT1
4584,LOX
4586,LRIT3
4587,LZTFL1
4588,MACF1
4605,MYD88
4607,NCSTN
4609,NDUFAF3
4613,NHP2
4616,NLGN1
4618,NPPA
4619,NPRL2
4621,NSUN2
4622,OCLN
4624,OSMR
4625,P3H2
4627,PADI3
4629,PDE6D
4632,PDHB
4635,PIGK
4638,PLD1
4640,PMVK
4641,PNPLA1
4642,POLR1C
4643,POMC
4645,PPCS
4646,PPP2CA
4647,PPP3CA
4648,PRDM16
4657,RBPJ
4659,REEP2
4660,RFC1
4664,RORC
4665,RPIA
4666,RSPH9
4667,RSPO1
4668,RSRC1
4670,SASS6
4679,SGMS2
4681,SLC16A1
4682,SLC25A12
4690,SLC30A9
4691,SLC5A7
4693,SLC9A3
4694,SP110
4695,SPARC
4698,SYT2
4700,TAP2
4704,TENM3
4705,TET3
4706,THPO
4712,TOE1
4713,TOR1AIP1
4716,TREM2
4723,UCHL1
4724,UGP2
4725,VANGL2
4729,WNT4
4731,XDH
4732,XPR1
4737,ZNF142
4739,ABAT
4743,ACTN4
4744,ADAM10
4745,ADAM22
4749,ADARB1
4750,ADAT3
4751,ADCY6
4753,AEBP1
4754,ALAD
4760,ALDH6A1
4761,ALG11
4767,ANKLE2
4769,AP1B1
4771,AP3D1
4775,APC2
4777,ARHGDIA
4778,ARR3
4780,ATAD1
4782,ATL3
4785,ATP6AP1
4790,B3GALNT2
4791,B3GAT3
4793,B4GALT1
4796,BFSP1
4797,BGN
4799,BMP1
4800,BMP15
4802,BNC2
4808,C12orf57
4815,CARMIL2
4821,CD27
4822,CD59
4823,CD70
4826,CDH2
4832,CEP55
4834,CFAP44
4836,CHD4
4838,CIT
4840,CLDN10
4841,CLMP
4842,CLP1
4844,CNTN1
4846,COA7
4855,COQ6
4859,CREB3L1
4860,CRIPT
4861,CRYBA4
4864,CSF2RB
4865,CSGALNACT1
4867,CTNND1
4869,CUX1
4870,CUX2
4871,CWF19L1
4872,CYCS
4873,CYP11B2
4875,DBH
4876,DCPS
4880,DGAT1
4881,DGKE
4883,DLL1
4884,DLX3
4885,DMXL2
4886,DNA2
4888,DNAAF2
4890,DNAAF5
4891,DNAH9
4892,DNAJB11
4893,DNAJC21
4894,DNAJC3
4901,DPF2
4902,DPH1
4903,DRC1
4904,DSE
4905,DUOXA2
4908,EDN3
4910,EED
4912,EFL1
4915,EIF3F
4918,ELP2
4919,EMC1
4920,EMG1
4922,EPS8
4926,ERLIN2
4927,FAM111B
4929,FAM50A
4930,FAR1
4934,FDX2
4935,FEZF1
4936,FGF14
4937,FGF23
4948,FOXJ1
4951,FRRS1L
4955,FUT8
4956,GABBR2
4957,GABRA5
4958,GALM
4959,GAS8
4969,GLDN
4972,GNA11
4975,GPC6
4976,GPHN
4977,GPIHBP1
4978,GPNMB
4979,GPX4
4981,GRHL2
4983,GRIA4
4991,HCN4
4994,HK1
4999,HOMER2
5002,HOXA2
5003,HOXB1
5004,HPDL
5010,IL10RA
5011,IL11RA
5015,INSL3
5016,INTS1
5017,IRF2BPL
5018,ISCA2
5019,ITCH
5021,ITPA
5022,KAT8
5026,KCNJ5
5027,KCNJ6
5028,KCNK9
5030,KCNN4
5031,KCNQ3
5036,KIAA1549
5037,KIF1C
5039,KLHL24
5043,KLK4
5045,KNL1
5047,KREMEN1
5048,KRT16
5049,KRT4
5051,KRT6B
5052,KRT6C
5053,LAMA4
5054,LAMB1
5056,LDB3
5058,LMF1
5061,LSS
5069,MAP3K7
5072,MAST1
5073,MBOAT7
5076,MCM8
5077,MCM9
5078,MDH2
5080,MED23
5084,MEOX1
5085,METTL23
5086,METTL5
5090,MMP14
5091,MMP20
5096,MYBPC1
5104,MYO3A
5107,NADK2
5108,NADSYN1
5109,NANS
5110,NARS2
5111,NAXD
5112,NCAPD2
5116,NDUFA6
5118,NDUFAF8
5119,NDUFB8
5120,NDUFV2
5121,NECAP1
5122,NECTIN1
5123,NFASC
5124,NFIB
5128,NIPA1
5129,NKAP
5130,NKX2-6
5131,NLGN3
5133,NLRP1
5134,NLRP12
5135,NOVA2
5140,NR2F2
5141,NRROS
5142,NT5E
5143,NTNG2
5144,NUP107
5145,NUP188
5146,NUP93
5147,NUS1
5148,OSBPL2
5152,OXR1
5154,PACS2
5155,PAK1
5160,PCLO
5162,PDE10A
5164,PDGFB
5165,PDP1
5166,PDSS1
5181,PIGB
5183,PIGP
5184,PIGQ
5185,PIGS
5186,PIGU
5187,PIGW
5189,PKD1L1
5193,PLOD3
5195,PLVAP
5196,PMP2
5198,PMPCA
5200,PNPLA8
5201,POFUT1
5210,POMK
5211,POMP
5217,PRKG1
5227,PUS3
5228,PUS7
5232,C9
5234,CARS2
5235,CEL
5236,CITED2
5238,DYNC2I2
5239,EPAS1
5245,IRF8
5246,KRT86
5247,MLH3
5249,NT5C2
5250,PRKRA
5251,RARS1
5252,SNORD118
5253,SYN1
5254,TENM4
5257,TMX2
5258,CASP14
5260,SERPINB8
5265,JUP
5266,RPL18
5267,RPS28
5268,RPS29
5270,COASY
5272,HHAT
5273,KCNC3
5275,RAB11B
5276,VPS51
5277,AKAP9
5278,CCDC146
5279,CEP131
5280,ASZ1
5281,DAZL
5282,DDX25
5283,DNAH6
5284,ELMO1
5285,ESR2
5286,FAM47C
5287,HIPK4
5288,HORMAD1
5289,MAGEE2
5290,MMRN1
5291,ODF4
5292,PGK2
5293,ROS1
5294,SPAG17
5295,SPATA3
5296,STRA8
5297,TBCCD1
5298,TDRD6
5299,TTLL9
5304,RAD51
5308,RALGAPA1
5309,RBMX
5313,RELT
5316,RHOBTB2
5320,RNF216
5321,RORA
5322,RORB
5326,RSPH3
5327,RSPRY1
5331,SART3
5332,SCAF4
5333,SCAPER
5335,SCN2B
5339,SCYL1
5340,SCYL2
5344,SEMA6B
5345,SERPINH1
5346,SETD1B
5347,SFRP4
5348,SFXN4
5349,SGPL1
5352,SHMT2
5354,SIAH1
5355,SLC10A7
5356,SLC11A2
5357,SLC18A2
5359,SLC24A4
5360,SLC25A10
5361,SLC25A42
5362,SLC26A1
5363,SLC26A5
5366,NHERF1
5367,SLFN14
5369,SMAD2
5373,SMARCD1
5376,SMPD4
5378,SNRPB
5380,SOX18
5381,SOX6
5384,SPINT2
5385,SPOP
5386,SPRTN
5387,SREBF1
5388,SSR4
5392,STT3A
5393,STX3
5394,SUPT16H
5401,OTUD5
5402,TACO1
5403,TAF2
5406,TANGO2
5408,TASP1
5409,TBC1D20
5411,TBX18
5412,TBX6
5413,TBXA2R
5417,TEX11
5418,TFE3
5420,TGM6
5421,THG1L
5422,THOC2
5426,TMEM107
5428,TMEM138
5429,TMEM147
5430,TMEM199
5431,TMEM230
5434,TMEM94
5435,TMEM98
5437,TNFAIP3
5438,TNFRSF11A
5440,TNFSF11
5441,TNNI2
5442,TNNT3
5444,TNPO3
5448,TPP2
5449,TRAPPC6B
5452,TRMT1
5455,TRPV6
5457,TSEN15
5458,TSPEAR
5459,TSPYL1
5460,TTC12
5463,TTI2
5466,TXNDC15
5467,TYROBP
5468,UBA1
5469,UNC45B
5472,VAC14
5473,VAMP2
5474,VEGFC
5475,VPS13D
5477,VRK1
5478,WASF1
5481,WDR11
5482,WDR4
5493,XRCC2
5495,YIF1B
5496,YY1AP1
5500,ZMYM2
5501,ZNF335
5502,ZNF408
5504,ZNHIT3
5505,ZP1
5506,ANGPT1
5508,BMP7
5511,CBY1
5512,CDC42BPB
5516,COMT
5517,DRP2
5518,DSCAM
5519,ACTL6A
5520,ANKS1B
5521,CACNA1B
5522,CACNA1I
5523,CAD
5525,COL4A2
5532,KRT1
5537,POLG2
5539,PUM1
5540,RNU7-1
5542,SLC12A5
5543,SOX4
5546,TOP2B
5549,KIF4A
5552,FBXO28
5553,MAN2C1
5555,ABHD16A
5557,ACO2
5559,ADGRL1
5564,ARPC4
5568,ATP11A
5570,ATP2B1
5571,ATP5MC3
5572,ATP6V0A1
5577,CDSN
5582,CFHR5
5584,CLCN3
5591,COPB2
5592,DCTN1
5597,DYRK1B
5599,EMC10
5600,EML1
5601,EMX2
5602,FKBP6
5603,FLI1
5606,FN1
5607,FOCAD
5608,FRA10AC1
5609,FRMD5
5610,FZR1
5614,BICRA
5617,HERC2
5618,H4C3
5621,JAK1
5622,KCNJ16
5623,KDF1
5625,KLHL41
5626,KRT13
5627,KY
5628,LAMA5
5629,LETM1
5631,LMOD2
5632,LYZ
5633,MBD4
5634,MDFIC
5642,NDST1
5643,NEK9
5644,NPTX1
5645,NRCAM
5647,OGDHL
5648,PAPPA2
5649,PAX5
5652,PLAG1
5653,POT1
5654,PPIL1
5655,PRDX3
5656,PRKACB
5658,REST
5659,RRAGD
5660,SCUBE3
5661,SEC61A1
5662,SERPINA6
5663,SLC34A1
5664,SLC38A3
5665,SLC4A3
5666,SLF2
5669,SMC5
5670,SMG8
5671,AFG2B
5674,TARS2
5675,TCEAL1
5677,THUMPD1
5678,TMEM151A
5679,TNFRSF9
5681,TULP3
5686,ZNF699
5687,ZNFX1
5688,ATP5F1A
5689,CCDC32
5691,MYH6
5693,SCAMP5
5694,YWHAZ
5696,ABCC4
5699,ACOX2
5702,ADD3
5703,AHCY
5708,ANK3
5709,ANO6
5711,AQP5
5712,ARHGEF9
5716,ATP5MK
5719,B4GAT1
5720,B9D2
5721,BAAT
5722,BACH2
5723,BLOC1S3
5734,CAT
5735,CCDC22
5738,CFAP221
5739,CFAP298
5741,CHCHD10
5751,CRBN
5756,CYS1
5760,DNAJC5
5769,EPS8L2
5770,EXOC7
5775,FBXO38
5781,FOXA2
5784,FXYD2
5785,FYB1
5786,GABRD
5793,GNB4
5798,GSTZ1
5799,GTPBP3
5800,HAND1
5801,HELLS
5802,HGF
5803,HNRNPDL
5806,HRG
5808,ICOSLG
5809,IDH3B
5810,IGLL1
5812,IKZF2
5813,IKZF3
5814,IKZF5
5824,KDM5B
5825,KIF5C
5830,LCK
5832,LITAF
5834,MAP3K20
5836,MCM4
5837,MECR
5846,MRPL3
5847,MRPS34
5849,MT-ND2
5850,MT-TD
5851,MT-TG
5852,MT-TS2
5853,MT-TT
5855,MTAP
5861,NDUFA13
5862,NDUFA2
5863,NDUFA9
5864,NDUFAF1
5866,NDUFB10
5868,NDUFC2
5869,NDUFS3
5873,NEUROD1
5874,NEXN
5883,P2RX2
5884,P2RY12
5893,PET100
5895,PIK3CG
5896,PLA2G4A
5897,PLAU
5898,PLEC
5907,REL
5908,RFT1
5913,SARS2
5914,SBF1
5916,SCP2
5919,SELENBP1
5920,SEPTIN9
5921,SERPINB6
5922,SERPINE1
5924,SLC39A7
5930,SRC
5931,ST3GAL3
5933,SUGCT
5934,SYNE4
5938,TAPBP
5941,TET2
5942,TFRC
5943,THBD
5949,TPK1
5951,TPM4
5952,TRAC
5953,TRAF3
5954,TRIM63
5955,TRMT10C
5956,TRMU
5959,TSFM
5964,TUBB4B
5966,UNG
5967,UQCRC2
5968,VCL
5969,VKORC1
5970,WASHC5
5974,XPNPEP3
5978,GJB3
5983,SARS1
5985,GFI1
5986,RNF113A
5987,ABCD4
5988,ATXN8
5989,ATXN8OS
5993,DNAH2
5995,DZIP1L
5996,EIF5A
5999,FGF13
6004,LYN
6008,PIP5K1C
6009,PTCD3
6013,SSBP1
6016,TRA2B
6019,WNK4
6021,ACE
6023,COLGALT1
6055,RAC1
6058,CACNA1E
6061,MAP1B
6063,PPP1R12A
6074,FBXW11
6080,CNNM2
6082,HIVEP2
6089,BRPF1
6092,C7
6093,CENPF
6094,CLTC
6095,RHAG
6100,TG
6101,THRB
6104,CA12
6106,ACTG2
6108,YAP1
6113,CETP
6115,CHRM3
6116,SMOC2
6120,ADCY10
6123,BEAN1
6125,AAGAB
6126,WDR73
6134,GNRHR
6135,H19
6138,ITGA8
6145,KRT83
6153,ATP6V1B2
6154,PDE3A
6155,AVP
6156,PLCD1
6175,ATP2B2
6182,CCDC50
6183,CDC14A
6187,CEP250
6188,CEP78
6216,FDXR
6219,FOXI1
6227,HARS2
6238,LARS2
6241,LMX1A
6263,PAX1
6271,PLS1
6281,S1PR2
6289,SLC17A8
6293,SLC4A11
6334,EXPH5
6337,JAM3
6338,XYLT1
6344,SNAP29
6353,HESX1
6354,NUP62
6361,DPM3
6363,SLC25A19
6365,ARHGAP31
6374,MED17
6375,ASPH
6377,PTPN14
6379,TAC3
6381,CCDC78
6383,TACR3
6384,TRPV3
6385,ARFGEF2
6387,BANF1
6388,NRXN2
6391,TMEM216
6392,CLCNKB
6393,TECPR2
6397,KRT74
6398,GCSH
6399,MIR17HG
6403,SLC6A17
6406,BOLA3
6408,CEP135
6411,SLC35A1
6412,TUBB3
6415,ZNF750
6422,CHMP1A
6432,SNRPE
6433,IRX5
6434,SECISBP2
6440,MAMLD1
6445,TUFM
6449,LONP1
6451,EDN1
6460,RBM10
6465,LRIG2
6466,ZSWIM6
6468,PITX1
6475,PTH
6476,CCDC8
6477,LIPN
6481,GRM1
6484,PDE6H
6495,CHRNA1
6496,POLR1A
6497,SHANK1
6498,GLIS2
6501,ZMYND11
6503,TRAIP
6504,XYLT2
6506,UBE2T
6509,CNTNAP1
6511,NDUFA10
6513,TKT
6517,PIGY
6518,SETD1A
6522,KIDINS220
6527,USP27X
6528,GZF1
6529,INPP5K
6534,GPAA1
6538,DDX6
6543,ARL3
6545,NUP214
6546,DYNC1I2
6551,ROBO4
6553,NUP133
6554,TP53RK
6555,CTU2
6559,PIGH
6561,CAMK2G
6562,GEMIN4
6564,RPL26
6581,SCNN1B
6589,ATP6V1E1
6592,C1R
6609,LTBP4
6616,RIN2
6663,SLC25A24
6679,CCDC65
6680,CFAP53
6681,CFC1
6685,DNAAF4
6688,LRRC56
6690,MMP21
6691,MNS1
6709,GBF1
6710,HTRA1
6711,LMNB1
6712,RIMS2
6726,TBXT
6805,TNNI3K
6824,CIB1
6844,FLG2
6847,ITGA6
6875,TGM5
6880,CARD14
6882,CARD9
6884,FDPS
6889,GJB4
6891,IL36RN
6894,MVD
6900,PSENEN
6907,STING1
6916,ABCA12
6918,ALOX12B
6920,ALOXE3
6923,CERS3
6924,CLDN1
6925,CYP4F22
6948,KRT10
6955,KRT6A
6959,LORICRIN
6965,SDR9C7
6966,SERPINB7
6968,SLURP1
6970,SPINK5
6971,ST14
6973,SULT2B1
7000,CEP19
7004,LEP
7005,LEPR
7009,NTRK2
7040,IER3IP1
7041,IL2RA
7059,NEUROG3
7061,NKX2-2
7073,AP2S1
7080,PDE11A
7081,PDE8B
7089,APPL1
7111,INSR
7121,PLIN1
7124,PPP1R15B
7126,SLC29A3
7229,EGLN1
7231,EPO
7232,EPOR
7237,JAK2
7243,ENO3
7248,GYS1
7249,GYS2
7250,LDHA
7252,PGAM2
7255,PHKA1
7257,PHKB
7258,PHKG2
7261,PYGM
7269,GLRX5
7272,IBA57
7273,ISCA1
7277,LIPT2
7288,SLC25A26
7292,CYBRD1
7302,TF
7305,APOA5
7308,APOC2
7312,CREB3L3
7313,GPD1
7343,APP
7352,CHCHD2
7359,CYP7B1
7366,EIF2B1
7368,EIF2B3
7377,HNRNPA1
7381,ITM2B
7383,KCND3
7396,PSEN1
7399,PSEN2
7414,AGRN
7415,ALG14
7417,CHAT
7423,CHRND
7431,COL13A1
7432,COLQ
7438,MUSK
7439,MYO9A
7443,SLC18A3
7444,SLC25A1
7447,VAMP1
7456,CEP83
7460,DENND5A
7475,BLTP1
7483,OSTM1
7493,RNF125
7508,GUCY1A1
7511,RNF213
7521,ANO3
7533,FBXO7
7538,GNAL
7540,HPCA
7554,PNKD
7566,SLC20A2
7569,SLC30A10
7577,THAP1
7586,BICD2
7597,TRIP4
7627,SOST
7628,SNX10
7641,ATP2A1
7645,CLCN1
7658,PHOX2A
7682,ABCA3
7683,SFTPB
7687,SERPINA1
7712,COL12A1
7764,JAM2
7792,SPINK1
7833,SAR1B
7835,SI
7844,TMPRSS15
7846,WNT2B
7897,CCDC115
7900,COG5
7901,COG6
7907,DPM2
7909,GALNT2
7935,ALDH1A3
7954,SIX6
8214,ADAMTSL4
8215,ALPK1
8224,C1QC
8228,CACNA2D2
8233,CRTAP
8234,CSF3R
8243,ENAM
8248,FMN2
8262,KLHL3
8263,LNPK
8273,NR3C1
8282,PKDCC
8291,ROBO2
8304,TDP2
8309,UGDH
8317,ADAMTSL2
8320,AMELX
8329,ATP6V0A4
8331,AURKC
8344,CAPN1
8363,DONSON
8364,DPY19L2
8376,FANCM
8377,FGF8
8387,GNB5
8399,KCNA5
8401,KCNJ18
8405,KIAA0753
8411,LPAR6
8415,MADD
8422,MKRN3
8424,MN1
8432,MYO1E
8433,MYRF
8436,NKX6-2
8454,PRUNE1
8465,CHST6
8471,DPYS
8480,PNP
8486,SLC39A8
8495,ACVR2B
8503,AGBL5
8514,AMPD1
8527,ARHGEF18
8529,ARL2BP
8554,C4B
8573,CDCA7
8582,CHKB
8584,CHMP4B
8586,CHRNA2
8588,CHST11
8593,CLDN16
8603,COPA
8604,COQ7
8609,COX6A1
8615,CRYGD
8618,CTBP1
8619,CTPS1
8621,CYBA
8622,CYP11A1
8625,CYP27B1
8631,DDRGK1
8633,DHX38
8647,DNMBP
8655,DRAM2
8659,DSG4
8672,EPB41
8673,EPB42
8680,FAM149B1
8682,FAM83H
8702,GBA2
8714,GPI
8727,HACE1
8732,HES7
8741,HSD17B3
8742,HSD3B2
8747,IGFALS
8749,IL10RB
8755,ISCU
8756,IYD
8757,JAGN1
8761,KCNJ1
8763,KCTD17
8765,KERA
8773,KRT25
8777,LACC1
8778,LAGE3
8783,LHB
8788,LIPH
8798,MAG
8799,MAGED2
8814,MGME1
8817,MLPH
8835,NCF1
8837,NCF4
8839,NDUFA11
8842,NDUFAF4
8852,NFKBIA
8867,NUP88
8872,OSGEP
8874,OTUD6B
8878,PAM16
8881,PATL2
8891,PDK3
8900,PIGC
8904,PLAA
8918,POP1
8919,PPA2
8920,PPIB
8931,PSTPIP1
8935,PTPRF
8938,QRICH2
8939,QRSL1
8944,RANBP2
8946,RBP3
8948,REEP6
8950,RIPPLY2
8951,RNASEH1
8957,RPL11
8958,RPL15
8960,RPL35A
8963,RPS7
8970,RTN2
8972,RUSC2
8979,SERPINF1
8986,SLC16A12
8988,SLC22A12
8992,SLC35A3
8999,SLC6A9
9007,SP7
9024,SUN5
9029,TDRD9
9040,TMEM126A
9043,TMEM38B
9046,TNFRSF11B
9052,TPI1
9053,TPO
9058,TRPC6
9063,TTBK2
9077,XK
9079,ZBTB24
9085,ZNF341
9087,ZP3
9088,ABCC2
9095,ANTXR2
9105,COL27A1
9118,DDX59
9132,GMNN
9133,GNMT
9134,GSR
9142,HSD11B2
9148,KHDC3L
9152,LPIN2
9154,LRPAP1
9157,MIR184
9159,MPC1
9163,NR1H4
9168,RAB33B
9175,SH3BP2
9178,SLC12A3
9182,SMG9
9200,AFF4
9207,ARV1
9227,HNRNPH2
9249,OPLAH
9256,PLEKHG2
9269,SLC25A3
9272,STX16
9275,TBCK
9285,TUBGCP4
9296,ANAPC1
9297,ARCN1
9308,COG2
9310,CPSF1
9315,DHX30
9317,DOCK3
9319,EXOSC2
9325,GOT2
9327,IFNGR2
9329,IL12RB1
9330,IL17RA
9331,ISG15
9334,KCNK4
9335,KCNQ5
9344,MIPEP
9345,MIR140
9347,NACC1
9351,NUP160
9357,PIGG
9361,PSMD12
9364,RAC3
9374,SLC9A7
9375,SPG21
9376,SPTB
9378,SRD5A2
9382,TBCD
9384,TMEM260
9385,TMEM63A
9386,TRAPPC12
9387,TRHR
9390,TYK2
9392,UFC1
9395,ZBTB11
9407,CD36
9416,CYP24A1
9418,DYNC2I1
9429,LIPC
9432,MASP2
9434,MC4R
9478,UPB1
9485,DCHS1
9499,TUBGCP2
9514,ELOVL1
9592,RPS17
9602,EXOSC8
9604,MAB21L1
9610,SNX14
9611,SPTBN2
9612,TBC1D23
9615,TSEN2
9619,VPS53
9621,WDR81
9624,TCTN1
9630,TSEN34
9633,UQCRQ
9640,PIWIL2
9641,ZSWIM7
9643,RALA
9657,SIM1
9659,SLC26A7
9672,STAG2
9673,STUB1
9681,TEAD1
9685,TJP2
9690,TONSL
9698,UBA2
9699,UBAP1
9701,USP53
9706,ZBTB7A
9707,ZFPM2
9710,CPA1
9722,ACD
9730,ACTL9
9744,ADCY3
9746,AGO2
9747,AGPAT2
9748,AGT
9752,AK1
9761,CCDC88A
9763,CCNF
9766,CD2AP
9769,CD55
9773,CD8A
9778,CDK19
9779,CDK5
9786,CEBPE
9787,CELF2
9794,CERS1
9796,CFD
9798,CFP
9808,CLCF1
9815,CLDN11
9821,CNOT2
9823,CNTN2
9854,CPLX1
9855,CPT1C
9874,CST3
9879,CTSB
9882,CYB5A
9886,CYP17A1
9888,CYP26C1
9889,CYP2R1
9891,D2HGDH
9892,DAAM2
9894,DBR1
9897,DCT
9902,RIGI
9905,DEF6
9916,DHX16
9917,DHX37
9939,DPYSL5
9972,EMP2
9979,EPHA2
10004,FADD
10005,TOGARAM1
10007,FAN1
10020,FGF16
10021,FGF17
10025,GPR101
10026,GPR68
10039,GSC
10041,GUCA1B
10049,HARS1
10063,HMOX1
10065,HNMT
10070,HOXA11
10082,HSPD1
10089,IARS2
10093,IFNAR2
10094,IFNGR1
10109,IL2RB
10110,IL6ST
10117,IQSEC1
10119,IRAK4
10120,IREB2
10125,IRS4
10127,ITGA2
10132,ITGB6
10138,KAT5
10164,MTX2
10169,MYF5
10177,MYL4
10179,MYL11
10186,MYOD1
10189,MYSM1
10195,NARS1
10198,NCKAP1L
10200,NDNF
10214,NEK10
10215,NEMF
10217,NFE2L2
10221,NFS1
10223,NGF
10228,NLRP7
10244,NSMCE2
10245,NSMF
10247,NTN1
10252,NUP205
10257,OAS1
10265,OPN1SW
10279,PANX1
10285,PCGF2
10286,PCK1
10298,PDXK
10302,PGAP1
10305,PHACTR1
10321,PIK3C2A
10328,PITPNM3
10349,SEMA3A
10366,SH2D1A
10371,SIK1
10374,SLC12A1
10377,SLC13A5
10380,SLC1A1
10381,SLC24A1
10396,SLC34A3
10399,SLC39A14
10401,SLC44A1
10402,SLC4A1
10415,SMARCD2
10427,TICAM1
10430,TLE6
10434,TMEM106B
10461,VPS45
10462,VWA1
10463,WARS1
10466,WBP11
10469,WDR45B
10470,CFAP251
10474,WNT1
10483,XIAP
10489,YRDC
10493,ZMYND15
10494,ZNF148
10498,ZNF423
10501,ZP2
10510,CTNND2
10515,KDM4B
10530,AGO1
10533,ARF3
10536,ATP9A
10543,CHD5
10547,FBXW7
10550,H4C5
10554,KCNC2
10556,LRP12
10558,MLIP
10560,MSH4
10562,PADI6
10564,PPFIBP1
10570,SPTLC1
10578,ANKRD17
10581,ATG7
10590,FNIP1
10602,LAT
10605,MAPKBP1
10620,SASH3
10624,SPI1
10637,CASP10
10644,KRT3
10646,CHN1
10648,CRYAB
10653,CCT2
10656,LRMDA
10659,BBIP1
10661,CLUAP1
10662,ELP4
10664,COL8A2
10665,CRYBA2
10667,GNB3
10672,IFT52
10675,LEMD2
10679,MAPKAPK3
10685,GNAQ
10694,SLC7A14
10696,SLC39A5
10698,RP9
10706,USP45
10715,KARS1
10748,GEMIN5
10751,POU4F1
10754,TP73
10755,EDEM3
10757,TMEM222
10759,GDF11
10761,ACER3
10762,PRKG2
10766,COA6
10770,ABCA2
10784,AIP
10805,ADAMTS19
10811,ADPRS
10813,AFF3
10823,AHR
10833,AQP2
10850,ALG5
10867,AMBN
10868,AMH
10870,AMN
10883,ANLN
10905,MYOT
10928,ARNT2
10933,ARSK
10951,ATOH7
10952,FSHB
10968,SLC5A2
10974,B2M
10982,ATP8A2
11003,CBLIF
11018,BCORL1
11066,CSF2RA
11073,MAGT1
11077,C2
11079,C2orf69
11085,C6
11087,C8A
11105,KLHL15
11106,DNAAF6
11113,CADM3
11134,CASQ1
11146,CBLB
11151,ELF4
11154,GLRA2
11158,CDC20
11171,SSX1
11176,CEP120
11206,CLCN6
11210,CLEC3B
11214,CA4
11249,COL4A6
11264,ATXN10
11268,CPE
11285,CST6
11297,CXCR2
11300,APCDD1
11323,ELMO2
11324,DHH
11325,TDP1
11327,DLX5
11335,DNAJB4
11337,DNAJC30
11362,DTYMK
11375,EEF2
11382,C5
11391,EMILIN1
11398,PDYN
11402,EPRS1
11403,ERBB3
11414,ERLIN1
11416,EXOC6B
11417,EXOC8
11418,EXTL3
11424,TENT5A
11429,FARSA
11430,FASLG
11445,PRICKLE1
11474,NR5A1
11516,FRMD4A
11517,FRMD7
11520,FSHR
11522,FSIP2
11525,FTO
11529,FXR1
11532,FZD2
11544,GABRB1
11549,CAVIN1
11571,GCM2
11575,GDAP2
11579,GDF9
11584,GFER
11588,GFRA1
11591,GGPS1
11596,GIMAP5
11615,GOSR2
11629,GLYCTK
11643,GNB2
11644,PSMC3IP
11649,GNRH1
11650,LRSAM1
11660,GPRC5B
11665,GRIA1
11667,GRID2
11690,HEATR3
11696,HID1
11702,HMGA2
11704,HMGCR
11709,HNRNPH1
11718,MARS1
11719,CDIN1
11725,KPTN
11727,RPL21
11734,LIPE
11741,IFT27
11750,IL6R
11763,STAT2
11771,MIR204
11778,JARID2
11797,SYCE1
11801,KCNJ8
11805,KCNN2
11807,CACNA1H
11809,ADSS1
11818,KDELR2
11820,IARS1
11824,FIBP
11828,KIAA0825
11842,PRMT7
11856,PLCZ1
11858,KLF11
11859,TMTC3
11870,AP3B2
11873,KPNA7
11889,LGI4
11910,LARS1
11913,LAS1L
11927,LHCGR
11930,CDK10
11931,MEIOB
11936,LMBR1
11938,MTHFD1
11973,BMP2
11975,LTBP1
11977,IFT81
11988,MAGI2
11999,CLPX
12013,FERRY3
12015,CCDC47
12016,MTHFS
12017,MCM2
12031,MEI1
12035,RASGRP1
12048,MIA3
12049,MESD
12056,SRP54
12066,CYBC1
12072,GIPC1
12076,MSH5
12077,MSMO1
12095,IDH3A
12104,MYH8
12105,SVIL
12111,NAA20
12112,LRRC32
12115,MAPK1
12121,NCDN
12125,PDE2A
12128,SQOR
12135,NEUROD2
12151,NOP10
12164,NPR3
12165,MED27
12170,CAPN15
12176,TBC1D2B
12180,NUP85
12181,NXN
12182,OBSCN
12185,ODC1
12188,OGDH
12213,PCDHGC4
12215,PDCD6IP
12228,MYL9
12229,PERP
12237,RPL3L
12245,SOCS1
12255,PITRM1
12265,SYK
12268,PLCG2
12270,PLCH1
12286,DDB1
12288,PMFBP1
12297,PNLIP
12299,AP1G1
12316,POLR1B
12321,IPO8
12333,POPDC3
12345,PPP1R21
12348,PPP2R2B
12349,PPP2R3C
12354,PRDM8
12355,PRDX1
12357,MINPP1
12359,PRR12
12361,TMEM218
12362,JAG2
12363,PRKACA
12370,PRKAR1B
12371,PRKCD
12372,PRKD1
12375,EXOSC5
12385,PLPBP
12386,PRPF6
12410,BCAS3
12424,PTPN23
12425,PTPRO
12438,RBL2
12440,RAD50
12461,ANAPC7
12466,RBM28
12471,RDH11
12476,DNHD1
12501,RIMS1
12503,RINT1
12505,RIPK1
12515,RNF13
12516,RNF170
12518,RNF2
12521,RNF220
12539,POLRMT
12544,BAG5
12549,RPA1
12554,LIG1
12555,RPSA
12556,LIG3
12558,RRM2B
12562,RSPO2
12578,SAMD12
12586,SATB1
12605,NUDT2
12613,DNASE2
12633,MAPKAPK5
12637,SETD2
12646,SHQ1
12647,TIAM1
12649,IFNAR1
12652,SLC12A2
12657,PLXNA1
12676,SLC2A9
12680,TAF8
12685,SLC45A1
12689,NSRP1
12695,CHKA
12698,ALDH1A2
12709,TRAPPC10
12710,NAPB
12713,DUT
12723,SOHLH1
12736,DPH5
12744,SPEN
12750,SPINK2
12754,MTSS2
12757,SPRED2
12762,SPTBN1
12763,CBFB
12766,SP6
12767,KPNA3
12768,SCNM1
12774,MAST3
12781,STAG3
12785,TAMM41
12794,KIF26A
12802,CRLS1
12804,C3orf52
12807,PGM2L1
12824,TAPT1
12831,TBC1D8B
12835,AGR2
12841,TBX2
12843,GOLGA2
12851,TMEM163
12854,DYNLT2B
12859,TDRD7
12866,HECTD4
12877,UBE3C
12878,TFG
12890,TIA1
12896,MB
12899,PLXND1
12903,CAMSAP1
12907,MED11
12908,TMEM53
12911,RFX7
12912,DPP9
12914,NLRP5
12926,TNPO2
12927,TNR
12938,TRAF3IP2
12939,TRAPPC2L
12947,TRIM71
12960,TRPM3
12964,TRPM6
12979,TTC21A
12983,IFT56
12984,TTC29
12986,TTC5
13008,TUFT1
13016,TWNK
13019,TYMP
13024,UBA5
13026,UBE4A
13027,UBR7
13029,ESAM
13030,UFM1
13034,UNC45A
13037,UNC93B1
13042,AMFR
13067,SPTSSA
13070,VIM
13072,VMA21
13073,VPS11
13075,VPS16
13077,VPS4A
13105,CCN6
13106,WLS
13112,YIPF5
13118,ZFYVE19
13124,ZNF407
13125,ZNF526
13136,EIF4A2
13146,PSMC3
13149,SMARCA5
13151,TMEM63B
13154,UNC79
